--
-- PostgreSQL database dump
--

-- Dumped from database version 16.6
-- Dumped by pg_dump version 16.6

SET statement_timeout = 0;
SET lock_timeout = 0;
SET idle_in_transaction_session_timeout = 0;
SET client_encoding = 'UTF8';
SET standard_conforming_strings = on;
SELECT pg_catalog.set_config('search_path', '', false);
SET check_function_bodies = false;
SET xmloption = content;
SET client_min_messages = warning;
SET row_security = off;

--
-- Data for Name: keycards; Type: TABLE DATA; Schema: public; Owner: cryptix
--

COPY public.keycards (id, cardpublickey, userwalletaddr, shopid, linkedat, unlinkedat, lastackedseq, lastseenat, lastversion, isguest) FROM stdin;
2	\\x036eccc46bed9f0e5469face032074a8958b7ad17d38e5f309376465fe8f60da55	\\x36164a38813f6d32a82482b751a9dd08d01ca1c8	1	2025-03-07 10:16:02.552423+01	\N	0	2025-03-07 10:16:21.666899+01	4	f
3	\\x0218330200ece317a922b9b376e8e97e8c00ade5058bbc6ebc98679f7d8cbd27d4	\\x4d887f99ab6c3f64cbe2afa5dd2018c222b540c2	1	2025-03-07 10:16:04.70181+01	\N	0	2025-03-07 10:16:22.147017+01	4	t
4	\\x037029e9d804cf8c026ff4b6bff20ea54f2413063584a49777407321575d04fbff	\\x24ee93839d8633cd4c29148c0ceaab5de813db0e	1	2025-03-07 10:16:06.022415+01	\N	0	2025-03-07 10:16:22.640567+01	4	t
\.


--
-- Data for Name: patchsets; Type: TABLE DATA; Schema: public; Owner: cryptix
--

COPY public.patchsets (serverseq, keycardnonce, createdbykeycardid, createdbyshopid, shopseq, createdat, createdbynetworkschemaversion, receivedat, header, signature) FROM stdin;
1	1	1	\\x0000000000000001	1	2025-03-07 10:16:02.554037+01	4	2025-03-07 10:16:02.554673+01	\\xa46653686f7049440068526f6f744861736858205544f58e678240fbf93f80cbefd50461b62572185111a665a377140471961fae6954696d657374616d70c07819323032352d30332d30375431303a31363a30322b30313a30306c4b6579436172644e6f6e636501	\\x97175c0b03d33c8b08ed0c30228ac52b7bb919b0ae1ad0dc1ed57006d5c155fa5fb89ef195d521c74738e3281041610eb898daa21b824bfed9abb34a00a6a64900
2	1	2	\\x0000000000000001	2	2025-03-07 10:16:02+01	4	2025-03-07 10:16:02.886831+01	\\xa46653686f704944c25820577d075634b6308f1ef1bfd9ade5649f744358b8fb547863e57e33297f7e060d68526f6f74486173685820908a0ddc478235a3f9acc6baf73b2ad5405eee7f1489e81b5ffd4bb9c0847daa6954696d657374616d70c074323032352d30332d30375430393a31363a30325a6c4b6579436172644e6f6e636501	\\xb59c1147de86bbe9fa569e9caf7edaf51b6c31bace290d116a56f2684e67a8d014a04bd97a1f938835afd34f9e173cf15103a5465cc7c9659485fdaafcbd646300
3	2	2	\\x0000000000000001	3	2025-03-07 10:16:03+01	4	2025-03-07 10:16:03.074564+01	\\xa46653686f704944c25820577d075634b6308f1ef1bfd9ade5649f744358b8fb547863e57e33297f7e060d68526f6f744861736858209de2e0b39ac8bd6ae99c7ba1442e10a65a0b0dc339ec289351549ce20ebddf6a6954696d657374616d70c074323032352d30332d30375430393a31363a30335a6c4b6579436172644e6f6e636502	\\x568e16de3c3b823cd9efffb7236790235621ad01002b8fdfe9bee3b113553ac11a27aa205e21fa3695ec37afc35fc8506f514c7dcb071e236989c8dcd70db77400
4	3	2	\\x0000000000000001	4	2025-03-07 10:16:03+01	4	2025-03-07 10:16:03.276055+01	\\xa46653686f704944c25820577d075634b6308f1ef1bfd9ade5649f744358b8fb547863e57e33297f7e060d68526f6f744861736858201c0bbcc1b72cee8e8f437454be2aa3a7b135394fc9d64efbc3f28f71f7ddf41e6954696d657374616d70c074323032352d30332d30375430393a31363a30335a6c4b6579436172644e6f6e636503	\\x09d05d144538524aa17b5cd907b797e475469d8e1458231eb5ce83274f95619e7a376de9c8a73c1858f5527ab6f5e6917864190649c7813c1b246e04b682c88001
5	4	2	\\x0000000000000001	5	2025-03-07 10:16:03+01	4	2025-03-07 10:16:03.47778+01	\\xa46653686f704944c25820577d075634b6308f1ef1bfd9ade5649f744358b8fb547863e57e33297f7e060d68526f6f7448617368582062c6a487bf1165013a067c6305a3d2501a03106de2a52d0a4a2bf81fff6505256954696d657374616d70c074323032352d30332d30375430393a31363a30335a6c4b6579436172644e6f6e636504	\\x972e2dbffbf54e21aa92100103a4a22ebccc32cf7fedc89be2d3e26e7f37be091fdd467e53458b1a11998bc164c6086b4ee41b30c82ec3f2ee304256db71de9001
6	5	2	\\x0000000000000001	6	2025-03-07 10:16:03+01	4	2025-03-07 10:16:03.678811+01	\\xa46653686f704944c25820577d075634b6308f1ef1bfd9ade5649f744358b8fb547863e57e33297f7e060d68526f6f74486173685820cb1c578d769553a2e2a47d1235b0d98cf046fdf7ca0548bbde852f0682f861f66954696d657374616d70c074323032352d30332d30375430393a31363a30335a6c4b6579436172644e6f6e636505	\\x6b0f4bcbb07e3c55fc6e3a73910657e401543c4bc77a2ca8d2acfe8a97728b15748439a2752ab986efa2575a5043af62dcfd58fdf6da508fbb031a2eb2bb2b8401
7	6	2	\\x0000000000000001	7	2025-03-07 10:16:03+01	4	2025-03-07 10:16:03.880711+01	\\xa46653686f704944c25820577d075634b6308f1ef1bfd9ade5649f744358b8fb547863e57e33297f7e060d68526f6f7448617368582027fd3b2b219590cc7bd2e0385e1542105d1aba2cc8308c2bdea79f3fae0e6e6a6954696d657374616d70c074323032352d30332d30375430393a31363a30335a6c4b6579436172644e6f6e636506	\\xf0228884ca66db822fff2caad12c217bb3ca2f62e65d48fc932f4f30e5643d000d6a576bfd39709d133c0e3def91c5f4ddf02be5e3d8d376158dd57f97d9a84c00
8	7	2	\\x0000000000000001	8	2025-03-07 10:16:04+01	4	2025-03-07 10:16:04.081364+01	\\xa46653686f704944c25820577d075634b6308f1ef1bfd9ade5649f744358b8fb547863e57e33297f7e060d68526f6f74486173685820dd9f7494800f2cfd6a7367b3dea6a781297cbf0afa925b2ad18a1cc99e8daf886954696d657374616d70c074323032352d30332d30375430393a31363a30345a6c4b6579436172644e6f6e636507	\\xe1c7f07425475702e2be637c44acd87920f59b6f99d8216036411b3a0d7df9af572a8b4d08d3be0db4fcd2b9e65e74b9ed38f002b7c4291bdcbebe51b88afa5a01
9	8	2	\\x0000000000000001	9	2025-03-07 10:16:04+01	4	2025-03-07 10:16:04.282286+01	\\xa46653686f704944c25820577d075634b6308f1ef1bfd9ade5649f744358b8fb547863e57e33297f7e060d68526f6f74486173685820b3a19446de1a9db73e79576685fd1869693966b7a0b9e8390634f60b2b8172d46954696d657374616d70c074323032352d30332d30375430393a31363a30345a6c4b6579436172644e6f6e636508	\\x62075e3b8b8229879b6c0b4564481c33207febd5afb45927ce0ca7a30cd1f9344ca7de255dec595f2e639d25f4e52bc15c3e03b0e3166b4b38e390009ed10cdc01
10	9	2	\\x0000000000000001	10	2025-03-07 10:16:04+01	4	2025-03-07 10:16:04.483321+01	\\xa46653686f704944c25820577d075634b6308f1ef1bfd9ade5649f744358b8fb547863e57e33297f7e060d68526f6f74486173685820729ff3ada609092b5a7021abb0463a6f06e8fbb0f156239be32f86e6706509946954696d657374616d70c074323032352d30332d30375430393a31363a30345a6c4b6579436172644e6f6e636509	\\xa168c6a54af4ddcb23b12447854329852832bf618b7d53a8e33b226989a7800a09739ae0eea0ec16dcadf36c730668d27079f9238a61263eb63f89eeb320795001
11	2	1	\\x0000000000000001	11	2025-03-07 10:16:04.702103+01	4	2025-03-07 10:16:04.702159+01	\\xa46653686f7049440068526f6f7448617368582012e87473afd9321e2afa71c0cfbc22e14975a0f1ab39ecaf06dd1dcfc287a5436954696d657374616d70c07819323032352d30332d30375431303a31363a30342b30313a30306c4b6579436172644e6f6e636502	\\x6e9d44e163f4c45a3cb4783fd6655c65d2c099ca7ba526a92a483353ccd357cf4a67186eb7668f45c720fb9cc788756d70672c755f4e03b0be1e2d558ada689600
12	1	3	\\x0000000000000001	12	2025-03-07 10:16:05+01	4	2025-03-07 10:16:05.030767+01	\\xa46653686f704944c25820577d075634b6308f1ef1bfd9ade5649f744358b8fb547863e57e33297f7e060d68526f6f744861736858202d64e332fc9674f5e1aa743e3306b573d5bf76ebaae1511895e498b7f0b147666954696d657374616d70c074323032352d30332d30375430393a31363a30355a6c4b6579436172644e6f6e636501	\\x1f9581967ec84e19231eaa1175ff80cbacdb53f91fce5fd9ac707123baa1abec22f32803bf0d20df0822111e90529655e3dbc7823ec721435d934cf3cc3cbae300
13	2	3	\\x0000000000000001	13	2025-03-07 10:16:05+01	4	2025-03-07 10:16:05.189156+01	\\xa46653686f704944c25820577d075634b6308f1ef1bfd9ade5649f744358b8fb547863e57e33297f7e060d68526f6f74486173685820323e248efaa4b2b2b0a2bd2db6fd5ccc323c3d0972d5435742941910e46170f86954696d657374616d70c074323032352d30332d30375430393a31363a30355a6c4b6579436172644e6f6e636502	\\x3d69ddd9ed97e4a1ceb94776481f0962a0607d1be955a0cab022dd5478674d095d5801e2d1a06f9368c1aff916e1aaa5fb074dc9ddeba87737454a09eb2c2de200
14	3	3	\\x0000000000000001	14	2025-03-07 10:16:05+01	4	2025-03-07 10:16:05.391826+01	\\xa46653686f704944c25820577d075634b6308f1ef1bfd9ade5649f744358b8fb547863e57e33297f7e060d68526f6f744861736858205048d8d9b33f4fd6b788b15739e205b4c0cda8ced011d06ff1656cd7375790236954696d657374616d70c074323032352d30332d30375430393a31363a30355a6c4b6579436172644e6f6e636503	\\x36168532de671f7d3b5ed099bcdb156e32429437a6228f77759fecd556fc1993292f5caee686d85cde191406c408215cec06eb22609714aef3f9b798b0db826500
15	4	3	\\x0000000000000001	15	2025-03-07 10:16:05+01	4	2025-03-07 10:16:05.597234+01	\\xa46653686f704944c25820577d075634b6308f1ef1bfd9ade5649f744358b8fb547863e57e33297f7e060d68526f6f7448617368582053f1577f2df150a9222401e4fd99f5d2480afb8afcbc60a796c669d0c2608e976954696d657374616d70c074323032352d30332d30375430393a31363a30355a6c4b6579436172644e6f6e636504	\\x3cc93712926707977edbb55814afe2237da47a513417279377342e7d37bce7ee1cd0ca12c1db3202ffb1e3a8b1f4f005b1446ad1fb178bf4044c9e0a66b5e6e000
16	5	3	\\x0000000000000001	16	2025-03-07 10:16:05+01	4	2025-03-07 10:16:05.599633+01	\\xa46653686f704944c25820577d075634b6308f1ef1bfd9ade5649f744358b8fb547863e57e33297f7e060d68526f6f744861736858203d5b1426c3edebd97be17b3def2fd2fb4f2eaea2e6a57c387307e2693579b9a46954696d657374616d70c074323032352d30332d30375430393a31363a30355a6c4b6579436172644e6f6e636505	\\xd9c2e9731cc02f8c231c50eb0731d055f9c44d2c9dab60bfa280c3618084b68213399934365f377e9575d787fb5ded2bcc6b6493d26d877dffae6addfb15edb000
17	6	3	\\x0000000000000001	17	2025-03-07 10:16:05+01	4	2025-03-07 10:16:05.801106+01	\\xa46653686f704944c25820577d075634b6308f1ef1bfd9ade5649f744358b8fb547863e57e33297f7e060d68526f6f744861736858209698116b9b434ffd6d549dfd290d6209491f92005cb9e290cea05c1caf5db1cf6954696d657374616d70c074323032352d30332d30375430393a31363a30355a6c4b6579436172644e6f6e636506	\\x9304344c005171714aeaaa89e979b51e03710ffe2d68296d11932fcf98eea9fe652a831ccfb4a7b6345b0dc1c7aa7c44900328706915becef534124d053b0bff00
18	7	3	\\x0000000000000001	18	2025-03-07 10:16:05+01	4	2025-03-07 10:16:06.00072+01	\\xa46653686f704944c25820577d075634b6308f1ef1bfd9ade5649f744358b8fb547863e57e33297f7e060d68526f6f74486173685820682285cc08dd3d08f5a7260237167d3fc197ffd6711b82348c6d1d4867fcf3466954696d657374616d70c074323032352d30332d30375430393a31363a30355a6c4b6579436172644e6f6e636507	\\x5b631361cf14473f8ff72b52e52b508f83ff51b90e146a218aa9978a84a74ff1786f145e7c10744a2d68232866926123bc5538827b85cae5eb9e6a9cb97d21ed01
19	3	1	\\x0000000000000001	19	2025-03-07 10:16:06.022582+01	4	2025-03-07 10:16:06.022636+01	\\xa46653686f7049440068526f6f7448617368582028ee6a750029aaf96bc38af2869e7f8f3a8f6a4ec54e9a29962e6af93012679e6954696d657374616d70c07819323032352d30332d30375431303a31363a30362b30313a30306c4b6579436172644e6f6e636503	\\x78ce8112c2ffbc3f8c0ff8d25cd86d8a381a19c44e63adce02f89ec79a2277076e3de1479fee5cd3895745a890ee481c7549af5631d48911aa177a502f5f741d00
20	1	4	\\x0000000000000001	20	2025-03-07 10:16:06+01	4	2025-03-07 10:16:06.351183+01	\\xa46653686f704944c25820577d075634b6308f1ef1bfd9ade5649f744358b8fb547863e57e33297f7e060d68526f6f7448617368582047a193c943fd3f6de1ee1ff09f56dbc92755880523f16a1903ea6b3980f19ea56954696d657374616d70c074323032352d30332d30375430393a31363a30365a6c4b6579436172644e6f6e636501	\\x0de13159c3d8d16bb75619742eb57411384536bad21e38cb7392535adaab5fe96bacdc70e1dd7b229892e91ae4c6cd2115b751b899ddb1e9b3dd9a3fb3597dec00
21	2	4	\\x0000000000000001	21	2025-03-07 10:16:06+01	4	2025-03-07 10:16:06.503246+01	\\xa46653686f704944c25820577d075634b6308f1ef1bfd9ade5649f744358b8fb547863e57e33297f7e060d68526f6f74486173685820e1654bfb08c2af7d57871dac7697f9b818ca0ab789d08ca849a8830b62e818306954696d657374616d70c074323032352d30332d30375430393a31363a30365a6c4b6579436172644e6f6e636502	\\xfa30560e385d0ced7645680292e554b8b0b8ced13841bc5f4e6428593f6c3a2c649920d6666155e3ecd5e4c8ed39b5a69bc899958447f5e75a46d78a122a31a301
22	3	4	\\x0000000000000001	22	2025-03-07 10:16:06+01	4	2025-03-07 10:16:06.70813+01	\\xa46653686f704944c25820577d075634b6308f1ef1bfd9ade5649f744358b8fb547863e57e33297f7e060d68526f6f744861736858203b325062e68fabef03a587cf997e82af98640249a8179712e9c4b794909c2d586954696d657374616d70c074323032352d30332d30375430393a31363a30365a6c4b6579436172644e6f6e636503	\\x367dfc4a19bc14b5a70d403700768d5bead3d2a3d31767e348e09bd3ba29f3b35d12bd495efe09e98b1f6b7bf2db11428a4ece6dbad05b58e44fb62f091dee0f01
\.


--
-- Data for Name: patches; Type: TABLE DATA; Schema: public; Owner: cryptix
--

COPY public.patches (patchsetserverseq, patchindex, encoded, mmrproof, op, objecttype, objectid, accountaddr, tagname) FROM stdin;
1	0	\\xa3624f70677265706c616365645061746881686d616e69666573746556616c7565a466506179656573a06653686f704944c25820577d075634b6308f1ef1bfd9ade5649f744358b8fb547863e57e33297f7e060d6f50726963696e6743757272656e6379a2674164647265737354000000000000000000000000000000000000000067436861696e4944197a6972416363657074656443757272656e63696573a0	\\x8300038158207b921945d77b998aa8dd4deb175f9fb388f3b572cc7b5f1b112bc83535b81888	replace	manifest	\N	\N	\N
1	1	\\xa3624f7063616464645061746882676163636f756e745436164a38813f6d32a82482b751a9dd08d01ca1c86556616c7565a2654775657374f4684b65794361726473815821036eccc46bed9f0e5469face032074a8958b7ad17d38e5f309376465fe8f60da55	\\x830103815820ed45f8d65b4558015b866b08738ae650d9a5b68251392ae0776af21cf6865a38	add	account	\N	\\x36164a38813f6d32a82482b751a9dd08d01ca1c8	\N
2	0	\\xa3624f70677265706c616365645061746881686d616e69666573746556616c7565a566506179656573a1197a69a15436164a38813f6d32a82482b751a9dd08d01ca1c8a16e43616c6c4173436f6e7472616374f46653686f704944c25820577d075634b6308f1ef1bfd9ade5649f744358b8fb547863e57e33297f7e060d6f50726963696e6743757272656e6379a2674164647265737354000000000000000000000000000000000000000067436861696e4944197a696f5368697070696e67526567696f6e73a16764656661756c74a364436974796067436f756e7472796e49736c61206465204d75657274616a506f7374616c436f64656072416363657074656443757272656e63696573a1197a69a1540000000000000000000000000000000000000000a0	\\x830001f6	replace	manifest	\N	\N	\N
3	0	\\xa3624f7063616464645061746882676c697374696e671bab44e07f0722a37d6556616c7565a46249441bab44e07f0722a37d6550726963651907cf684d65746164617461a3655469746c6564426f6f6b66496d6167657381781d68747470733a2f2f6578616d706c652e636f6d2f696d6167652e706e676b4465736372697074696f6e7824546869732069732061206465736372697074696f6e206f6620746865206c697374696e676956696577537461746500	\\x830001f6	add	listing	\\xab44e07f0722a37d	\N	\N
4	0	\\xa3624f7069696e6372656d656e7464506174688269696e76656e746f72791bab44e07f0722a37d6556616c75651864	\\x830001f6	increment	inventory	\\xab44e07f0722a37d	\N	\N
5	0	\\xa3624f7063616464645061746882676c697374696e671b5a0e30ef7205002d6556616c7565a46249441b5a0e30ef7205002d6550726963651909c3684d65746164617461a3655469746c6567542d536869727466496d6167657381781d68747470733a2f2f6578616d706c652e636f6d2f696d6167652e706e676b4465736372697074696f6e7824546869732069732061206465736372697074696f6e206f6620746865206c697374696e676956696577537461746500	\\x830001f6	add	listing	\\x5a0e30ef7205002d	\N	\N
6	0	\\xa3624f7069696e6372656d656e7464506174688269696e76656e746f72791b5a0e30ef7205002d6556616c7565185a	\\x830001f6	increment	inventory	\\x5a0e30ef7205002d	\N	\N
7	0	\\xa3624f7063616464645061746882676c697374696e671b3143ff59c1949f9e6556616c7565a46249441b3143ff59c1949f9e6550726963651905db684d65746164617461a3655469746c656a436f66666565204d756766496d6167657381781d68747470733a2f2f6578616d706c652e636f6d2f696d6167652e706e676b4465736372697074696f6e7824546869732069732061206465736372697074696f6e206f6620746865206c697374696e676956696577537461746500	\\x830001f6	add	listing	\\x3143ff59c1949f9e	\N	\N
8	0	\\xa3624f7069696e6372656d656e7464506174688269696e76656e746f72791b3143ff59c1949f9e6556616c75651850	\\x830001f6	increment	inventory	\\x3143ff59c1949f9e	\N	\N
9	0	\\xa3624f7063616464645061746882676c697374696e671b5b62b5f6b9bb288b6556616c7565a46249441b5b62b5f6b9bb288b655072696365190257684d65746164617461a3655469746c656c537469636b6572205061636b66496d6167657381781d68747470733a2f2f6578616d706c652e636f6d2f696d6167652e706e676b4465736372697074696f6e7824546869732069732061206465736372697074696f6e206f6620746865206c697374696e676956696577537461746500	\\x830001f6	add	listing	\\x5b62b5f6b9bb288b	\N	\N
10	0	\\xa3624f7069696e6372656d656e7464506174688269696e76656e746f72791b5b62b5f6b9bb288b6556616c75651846	\\x830001f6	increment	inventory	\\x5b62b5f6b9bb288b	\N	\N
11	0	\\xa3624f7063616464645061746882676163636f756e74544d887f99ab6c3f64cbe2afa5dd2018c222b540c26556616c7565a2654775657374f5684b657943617264738158210218330200ece317a922b9b376e8e97e8c00ade5058bbc6ebc98679f7d8cbd27d4	\\x830001f6	add	account	\N	\\x4d887f99ab6c3f64cbe2afa5dd2018c222b540c2	\N
12	0	\\xa3624f7063616464645061746882656f726465721bf7d0c168dee429396556616c7565a36249441bf7d0c168dee42939654974656d738065537461746501	\\x830001f6	add	order	\\xf7d0c168dee42939	\N	\N
13	0	\\xa3624f7063616464645061746884656f726465721bf7d0c168dee42939656974656d73612d6556616c7565a2685175616e7469747902694c697374696e6749441bab44e07f0722a37d	\\x830001f6	add	order	\\xf7d0c168dee42939	\N	\N
14	0	\\xa3624f7063616464645061746884656f726465721bf7d0c168dee42939656974656d73612d6556616c7565a2685175616e7469747901694c697374696e6749441b5a0e30ef7205002d	\\x830001f6	add	order	\\xf7d0c168dee42939	\N	\N
15	0	\\xa3624f70677265706c616365645061746883656f726465721bf7d0c168dee429396573746174656556616c756503	\\x830001f6	replace	order	\\xf7d0c168dee42939	\N	\N
16	0	\\xa3624f7063616464645061746882656f726465721bf3c0d4704f7e8c3a6556616c7565a36249441bf3c0d4704f7e8c3a654974656d738065537461746501	\\x830001f6	add	order	\\xf3c0d4704f7e8c3a	\N	\N
17	0	\\xa3624f7063616464645061746884656f726465721bf3c0d4704f7e8c3a656974656d73612d6556616c7565a2685175616e7469747903694c697374696e6749441b3143ff59c1949f9e	\\x830001f6	add	order	\\xf3c0d4704f7e8c3a	\N	\N
18	0	\\xa3624f70677265706c616365645061746883656f726465721bf3c0d4704f7e8c3a6573746174656556616c756503	\\x830001f6	replace	order	\\xf3c0d4704f7e8c3a	\N	\N
19	0	\\xa3624f7063616464645061746882676163636f756e745424ee93839d8633cd4c29148c0ceaab5de813db0e6556616c7565a2654775657374f5684b65794361726473815821037029e9d804cf8c026ff4b6bff20ea54f2413063584a49777407321575d04fbff	\\x830001f6	add	account	\N	\\x24ee93839d8633cd4c29148c0ceaab5de813db0e	\N
20	0	\\xa3624f7063616464645061746882656f726465721b90c7e44b543469d76556616c7565a36249441b90c7e44b543469d7654974656d738065537461746501	\\x830001f6	add	order	\\x90c7e44b543469d7	\N	\N
21	0	\\xa3624f7063616464645061746884656f726465721b90c7e44b543469d7656974656d73612d6556616c7565a2685175616e7469747905694c697374696e6749441b5b62b5f6b9bb288b	\\x830001f6	add	order	\\x90c7e44b543469d7	\N	\N
22	0	\\xa3624f70677265706c616365645061746883656f726465721b90c7e44b543469d76573746174656556616c756503	\\x830001f6	replace	order	\\x90c7e44b543469d7	\N	\N
\.


--
-- Data for Name: payments; Type: TABLE DATA; Schema: public; Owner: cryptix
--

COPY public.payments (id, orderid, shopid, shopseqno, itemslockedat, paymentchosenat, paymentid, purchaseaddr, chainid, lastblockno, coinstotal, erc20tokenaddr, payedat, payedtx, payedblock, canceledat) FROM stdin;
1	\\xf7d0c168dee42939	\\x0000000000000001	14	2025-03-07 10:16:05.594673	\N	\N	\N	\N	\N	\N	\N	\N	\N	\N	\N
2	\\xf3c0d4704f7e8c3a	\\x0000000000000001	17	2025-03-07 10:16:05.998581	\N	\N	\N	\N	\N	\N	\N	\N	\N	\N	\N
3	\\x90c7e44b543469d7	\\x0000000000000001	21	2025-03-07 10:16:06.705972	\N	\N	\N	\N	\N	\N	\N	\N	\N	\N	\N
\.


--
-- Data for Name: relaykeycards; Type: TABLE DATA; Schema: public; Owner: cryptix
--

COPY public.relaykeycards (id, shopid, cardpublickey, lastusedat, lastwritteneventnonce) FROM stdin;
1	1	\\x023255458e24278e31d5940f304b16300fdff3f6efd3e2a030b5818310ac67af45	2025-03-07 10:16:06.022415+01	3
\.


--
-- Data for Name: shops; Type: TABLE DATA; Schema: public; Owner: cryptix
--

COPY public.shops (id, tokenid, createdat) FROM stdin;
1	39572124346172502394112162537254447576977172062396738360213677893627628357133	2025-03-07 10:16:02.552423+01
\.


--
-- Name: keycardidseq; Type: SEQUENCE SET; Schema: public; Owner: cryptix
--

SELECT pg_catalog.setval('public.keycardidseq', 4, true);


--
-- Name: payments_id_seq; Type: SEQUENCE SET; Schema: public; Owner: cryptix
--

SELECT pg_catalog.setval('public.payments_id_seq', 3, true);


--
-- Name: shops_id_seq; Type: SEQUENCE SET; Schema: public; Owner: cryptix
--

SELECT pg_catalog.setval('public.shops_id_seq', 1, true);


--
-- PostgreSQL database dump complete
--

